transcript_id,transcript_position,n_reads,probability_modified,kmer,mod_ratio
AT1G01010.1,1811,18,0.999,AAACA,0.1111111111111111
AT1G01010.1,2060,18,0.999,AAACA,0.1111111111111111
AT1G01050.1,111,27,0.0237539783120155,AAACA,0.1111111111111111
AT1G01050.1,155,23,0.0978015363216400,AAACT,0.1304347826086956
AT1G01050.1,165,24,0.0186180230230093,TAACC,0.0833333333333333
AT1G01050.1,268,27,0.0396506488323212,GGACC,0.1481481481481481
